,cpu_usage
0,0.27822912
1,0.27739812
2,0.27677442
3,0.20407752
4,0.20407752
5,0.30005529
6,0.30005529
7,0.30005529
8,0.25967242
9,0.25967242
10,0.29103433
11,0.29103433
12,0.29103433
13,0.20611652
14,0.20611652
15,0.26573542
16,0.26491142
17,0.26491142
18,0.20996652
19,0.20996652
20,0.24558542
21,0.24558542
22,0.24558542
23,0.24185242
24,0.24355942
25,0.28197873
26,0.28197873
27,0.28197873
28,0.21793957
29,0.21793957
30,0.26261628
31,0.26261628
32,0.26261628
33,0.18922872
34,0.18906172
35,0.27840558
36,0.27840558
37,0.27840558
38,0.23056892
39,0.23056892
40,0.28342648
41,0.28342648
42,0.28342648
43,0.20312472
44,0.20225872
45,0.25207162
46,0.25202562
47,0.25131062
48,0.19766582
49,0.19766582
50,0.27208462
51,0.27208462
52,0.27208462
53,0.22026267
54,0.22026267
55,0.25750138
56,0.25750138
57,0.25750138
58,0.19202262
59,0.19202262
60,0.25763808
61,0.26661028
62,0.25670728
63,0.19876076
64,0.19876076
65,0.25242028
66,0.25242028
67,0.25242028
68,0.20799367
69,0.20799367
70,0.24054218
71,0.24054218
72,0.24054218
73,0.22735388
74,0.22735388
75,0.24098628
76,0.24098628
77,0.24112938
78,0.21673347
79,0.21673347
80,0.22289312
81,0.22289312
82,0.22289312
83,0.22135732
84,0.22113412
85,0.22007422
86,0.22007422
87,0.22007422
88,0.22913762
89,0.22913762
90,0.20778117
91,0.20778117
92,0.20778117
93,0.23580012
94,0.23580012
95,0.19676492
96,0.19658852
97,0.19625282
98,0.23802248
99,0.23802248
100,0.19172372
101,0.19172372
102,0.19172372
103,0.24488723
104,0.24488723
105,0.17785782
106,0.17785782
107,0.17785782
108,0.24992643
109,0.24992643
110,0.18969786
111,0.21127786
112,0.18969786
113,0.25940828
114,0.25940828
115,0.22049177
116,0.22049177
117,0.22049177
118,0.29001553
119,0.29001553
120,0.25105368
121,0.25105368
122,0.25105368
123,0.28028268
124,0.26795268
125,0.26922029
126,0.26922029
127,0.26922029
128,0.21198352
129,0.21198352
130,0.25645743
131,0.25645743
132,0.25645743
133,0.21158892
134,0.21158892
135,0.22131952
136,0.22131952
137,0.22131952
138,0.22054128
139,0.23732128
140,0.24342737
141,0.23810937
142,0.23810937
143,0.20594056
144,0.20594056
145,0.28208738
146,0.28208738
147,0.28208738
148,0.24764752
149,0.24764752
150,0.25806252
151,0.25806252
152,0.25806252
153,0.20260276
154,0.20260276
155,0.25567732
156,0.25587532
157,0.25587532
158,0.19369076
159,0.19369076
160,0.29175543
161,0.29175543
162,0.29175543
163,0.24518857
164,0.24518857
165,0.24986037
166,0.24986037
167,0.24986037
168,0.20736076
169,0.20736076
170,0.24665432
171,0.24665432
172,0.24665432
173,0.21238572
174,0.21238572
175,0.26415058
176,0.26415058
177,0.26415058
178,0.26479972
179,0.26479972
180,0.24631042
181,0.24631042
182,0.24631042
183,0.21598166
184,0.21568066
185,0.26664347
186,0.26664347
187,0.28083347
188,0.24310418
189,0.24310418
190,0.27258462
191,0.27551062
192,0.27551062
193,0.19869888
194,0.19869888
195,0.12619316
196,0.12619316
197,0.12619316
198,0.21914872
199,0.21914872
200,0.24210337
201,0.24210337
202,0.24210337
203,0.21844156
204,0.20286156
205,0.24191062
206,0.24191062
207,0.24851762
208,0.16185458
209,0.16185458
210,0.11460282
211,0.11460282
212,0.16697282
213,0.15993372
214,0.15955572
215,0.14279371
216,0.14279371
217,0.18869371
218,0.14966932
219,0.18033932
220,0.20703128
221,0.24762128
222,0.24762128
223,0.33680649
224,0.34766649
225,0.33697649
226,0.33098749
227,0.33098749
228,0.27402918
229,0.27402918
230,0.19260452
231,0.19188752
232,0.19188752
233,0.18682942
234,0.18682942
235,0.22290647
236,0.22290647
237,0.22290647
238,0.24832252
239,0.24832252
240,0.18940262
241,0.18940262
242,0.18940262
243,0.18242862
244,0.18193662
245,0.17577776
246,0.17577776
247,0.17577776
248,0.19825366
249,0.19825366
250,0.22047467
251,0.22047467
252,0.22047467
253,0.25072442
254,0.25072442
255,0.20520742
256,0.20520742
257,0.20520742
258,0.18606352
259,0.18606352
260,0.18590171
261,0.18590171
262,0.18590171
263,0.18345856
264,0.18345856
265,0.24009057
266,0.24009057
267,0.25184057
268,0.24640447
269,0.24404747
270,0.18691362
271,0.18691362
272,0.18691362
273,0.20083662
274,0.20014662
275,0.22378962
276,0.22378962
277,0.22378962
278,0.24664566
279,0.24664566
280,0.25649457
281,0.27309457
282,0.27309457
283,0.24876148
284,0.24876148
285,0.17328582
286,0.17328582
287,0.17328582
288,0.16111496
289,0.16111496
290,0.16017182
291,0.16017182
292,0.16017182
293,0.16538952
294,0.16538952
295,0.20895177
296,0.20895177
297,0.20895177
298,0.23006742
299,0.23006742
300,0.15851172
301,0.15851172
302,0.15851172
303,0.16935886
304,0.16885186
305,0.16353357
306,0.16353357
307,0.25533357
308,0.30040023
309,0.30040023
310,0.31486553
311,0.31486553
312,0.31486553
313,0.26319732
314,0.26319732
315,0.17409316
316,0.17409316
317,0.17409316
318,0.25017657
319,0.25017657
320,0.17743757
321,0.17562357
322,0.17604887
323,0.19699522
324,0.19699522
325,0.26293267
326,0.26293267
327,0.26293267
328,0.27919652
329,0.27919652
330,0.22396362
331,0.23731362
332,0.23731362
333,0.23463552
334,0.23463552
335,0.22894966
336,0.18524966
337,0.18524966
338,0.18184382
339,0.18184382
340,0.22036367
341,0.22036367
342,0.22036367
343,0.22774652
344,0.22774652
345,0.20402557
346,0.20402557
347,0.24717557
348,0.21792662
349,0.23437562
350,0.22111262
351,0.22111262
352,0.22111262
353,0.23986852
354,0.25141852
355,0.27858362
356,0.27858362
357,0.27858362
358,0.29949082
359,0.29949082
360,0.23856492
361,0.23856492
362,0.23638992
363,0.24656252
364,0.24656252
365,0.23441982
366,0.23441982
367,0.23441982
368,0.23119386
369,0.23119386
370,0.22260797
371,0.22260797
372,0.22322977
373,0.24243272
374,0.24243272
375,0.18301672
376,0.18301672
377,0.18301672
378,0.17792676
379,0.17792676
380,0.18656937
381,0.18656937
382,0.18656937
383,0.17884866
384,0.17884866
385,0.22612457
386,0.22612457
387,0.22612457
388,0.24687742
389,0.24687742
390,0.18276976
391,0.18276976
392,0.18276976
393,0.17527966
394,0.17527966
395,0.17796962
396,0.17796962
397,0.17796962
398,0.21716852
399,0.21716852
400,0.26983938
401,0.26983938
402,0.26983938
403,0.34247934
404,0.34247934
405,0.26359128
406,0.26359128
407,0.26359128
408,0.23234518
409,0.23234518
410,0.22694432
411,0.22694432
412,0.22694432
413,0.22575927
414,0.22575927
415,0.27227038
416,0.27227038
417,0.27227038
418,0.27619858
419,0.27619858
420,0.19197376
421,0.19197376
422,0.19197376
423,0.15421746
424,0.15421746
425,0.16577572
426,0.16577572
427,0.16577572
428,0.19021412
429,0.19021412
430,0.22445718
431,0.22445718
432,0.22445718
433,0.22354498
434,0.23517498
435,0.18902077
436,0.18902077
437,0.18352777
438,0.16086492
439,0.16059392
440,0.23317437
441,0.23317437
442,0.23362927
443,0.17712686
444,0.17712686
445,0.21928427
446,0.21928427
447,0.21928427
448,0.24711092
449,0.24711092
450,0.17567352
451,0.17567352
452,0.17567352
453,0.17034632
454,0.17034632
455,0.16581122
456,0.16581122
457,0.16581122
458,0.16186396
459,0.16186396
460,0.17505576
461,0.17505576
462,0.17505576
463,0.23812342
464,0.23812342
465,0.19143217
466,0.19143217
467,0.19143217
468,0.15419766
469,0.15419766
470,0.15799946
471,0.15638146
472,0.15638146
473,0.16118446
474,0.16118446
475,0.20639932
476,0.20639932
477,0.20639932
478,0.22613617
479,0.22613617
480,0.16333582
481,0.16161582
482,0.16200582
483,0.16053186
484,0.15994286
485,0.15342686
486,0.15342686
487,0.15418686
488,0.19003247
489,0.18927247
490,0.20342177
491,0.20519207
492,0.20519207
493,0.20599247
494,0.20547177
495,0.18799722
496,0.17700722
497,0.17791692
498,0.16663072
499,0.16631772
500,0.16467076
501,0.16467076
502,0.16467076
503,0.15030896
504,0.15030896
505,0.21141077
506,0.21141077
507,0.21141077
508,0.23442362
509,0.23442362
510,0.15900886
511,0.16351886
512,0.16351886
513,0.15551396
514,0.15551396
515,0.15355101
516,0.17627101
517,0.15465101
518,0.15012486
519,0.15012486
520,0.16839606
521,0.16772606
522,0.17213606
523,0.16777086
524,0.16777086
525,0.23315362
526,0.23315362
527,0.23315362
528,0.26860457
529,0.22819457
530,0.17748186
531,0.17748186
532,0.17748186
533,0.18436276
534,0.17863276
535,0.20628077
536,0.20628077
537,0.20628077
538,0.19441267
539,0.19441267
540,0.20468082
541,0.20468082
542,0.20468082
543,0.17096867
544,0.17276167
545,0.16086502
546,0.16019902
547,0.16019902
548,0.16744616
549,0.16831116
550,0.23461368
551,0.23461368
552,0.23461368
553,0.23649172
554,0.23649172
555,0.17273102
556,0.17273102
557,0.21082102
558,0.21077292
559,0.20631292
560,0.20273686
561,0.20483686
562,0.20483686
563,0.20585676
564,0.20585676
565,0.24186457
566,0.24186457
567,0.24186457
568,0.25052077
569,0.25052077
570,0.23962362
571,0.23962362
572,0.23962362
573,0.21276486
574,0.21238786
575,0.18713286
576,0.18533586
577,0.18410586
578,0.19137356
579,0.19137356
580,0.22810172
581,0.22877172
582,0.23106172
583,0.22457177
584,0.22457177
585,0.23663172
586,0.23663172
587,0.23663172
588,0.19510477
589,0.19436777
590,0.18557077
591,0.18512077
592,0.18512077
593,0.17131557
594,0.17131557
595,0.28550347
596,0.28550347
597,0.28550347
598,0.30301392
599,0.30301392
600,0.17173236
601,0.17173236
602,0.13725236
603,0.14413711
604,0.14396911
605,0.16288806
606,0.16288806
607,0.16288806
608,0.14702586
609,0.14702586
610,0.21747577
611,0.21747577
612,0.21747577
613,0.25122868
614,0.22428968
615,0.18511362
616,0.18615362
617,0.18652362
618,0.14626526
619,0.14602926
620,0.16658382
621,0.16658382
622,0.16658382
623,0.14373341
624,0.17895341
625,0.19599542
626,0.19453542
627,0.19453542
628,0.20396696
629,0.16470776
630,0.16553412
631,0.16553412
632,0.16590222
633,0.17428311
634,0.17428311
635,0.16822791
636,0.16822791
637,0.17067291
638,0.16490082
639,0.19884082
640,0.30053318
641,0.30053318
642,0.29629118
643,0.16847952
644,0.16847952
645,0.16483856
646,0.16483856
647,0.16483856
648,0.15976152
649,0.15976152
650,0.16339292
651,0.16339292
652,0.16339292
653,0.21506491
654,0.14743491
655,0.14113311
656,0.14113311
657,0.14113311
658,0.18627336
659,0.14190336
660,0.14318771
661,0.14318771
662,0.14449071
663,0.13952981
664,0.13952981
665,0.15364701
666,0.15364701
667,0.15364701
668,0.14368026
669,0.14368026
670,0.14936081
671,0.14912331
672,0.14912331
673,0.13679721
674,0.13701561
675,0.13695116
676,0.13695116
677,0.13695116
678,0.14022571
679,0.14022571
680,0.14162271
681,0.14162271
682,0.14162271
683,0.13986476
684,0.13986476
685,0.17698742
686,0.17698742
687,0.17698742
688,0.22224607
689,0.22224607
690,0.22642687
691,0.22642687
692,0.22879987
693,0.15301196
694,0.15301196
695,0.15157206
696,0.15157206
697,0.17811806
698,0.22187907
699,0.22711907
700,0.22200752
701,0.22200752
702,0.22200752
703,0.21795752
704,0.21795752
705,0.17847657
706,0.17847657
707,0.17847657
708,0.13503896
709,0.13503896
710,0.16263716
711,0.16165216
712,0.13797216
713,0.14595156
714,0.14562636
715,0.16380371
716,0.16411741
717,0.16816091
718,0.23337667
719,0.23427027
720,0.20488522
721,0.20488522
722,0.20488522
723,0.16445622
724,0.16524922
725,0.19360168
726,0.21418278
727,0.21418278
728,0.14909247
729,0.22385247
730,0.20683158
731,0.20587118
732,0.20617638
733,0.24008273
734,0.23937793
735,0.19708082
736,0.19412482
737,0.19412482
738,0.14395866
739,0.14395866
740,0.14829612
741,0.23495812
742,0.23495812
743,0.20038817
744,0.20038817
745,0.16713941
746,0.16713941
747,0.16713941
748,0.23603562
749,0.23603562
750,0.19122187
751,0.19122187
752,0.19122187
753,0.14381636
754,0.14280636
755,0.15032531
756,0.15417031
757,0.14989831
758,0.14475802
759,0.14475802
760,0.16453902
761,0.16923502
762,0.16923502
763,0.19495517
764,0.19495517
765,0.19506692
766,0.19506692
767,0.19506692
768,0.20353196
769,0.20721196
770,0.19026686
771,0.19403686
772,0.19403686
773,0.19761471
774,0.19761471
775,0.19595981
776,0.19595981
777,0.19595981
778,0.24438262
779,0.24438262
780,0.17773602
781,0.17773602
782,0.17773602
783,0.13901721
784,0.13901721
785,0.14012026
786,0.13877926
787,0.13877926
788,0.17142062
789,0.17142062
790,0.17055832
791,0.17055832
792,0.16660832
793,0.21086842
794,0.21086842
795,0.21047562
796,0.27602562
797,0.27602562
798,0.21663816
799,0.21663816
800,0.20316066
801,0.20316066
802,0.20278266
803,0.20801052
804,0.20801052
805,0.20497126
806,0.20497126
807,0.20497126
808,0.28944697
809,0.28944697
810,0.19420207
811,0.20054207
812,0.20054207
813,0.17535776
814,0.17535776
815,0.20200931
816,0.20132631
817,0.15042631
818,0.15446516
819,0.15498496
820,0.15241926
821,0.15241926
822,0.15241926
823,0.20488887
824,0.20488887
825,0.19546502
826,0.19546502
827,0.19546502
828,0.16648477
829,0.30265477
830,0.21715232
831,0.21598332
832,0.21598332
833,0.20337932
834,0.20337932
835,0.20988752
836,0.20988752
837,0.20988752
838,0.27136568
839,0.27136568
840,0.25231042
841,0.25231042
842,0.25231042
843,0.16677876
844,0.16677876
845,0.19115466
846,0.19115466
847,0.16939976
848,0.15203006
849,0.15203006
850,0.15488512
851,0.15488512
852,0.19144512
853,0.21698867
854,0.21698867
855,0.25757477
856,0.25757477
857,0.25757477
858,0.22536876
859,0.22536876
860,0.15953591
861,0.15953591
862,0.15884591
863,0.15361306
864,0.15361306
865,0.17218706
866,0.17218706
867,0.17218706
868,0.20054472
869,0.20054472
870,0.17607862
871,0.17607862
872,0.21159862
873,0.14426362
874,0.14426362
875,0.15241886
876,0.15180486
877,0.18366486
878,0.16676176
879,0.16676176
880,0.14753802
881,0.14753802
882,0.14753802
883,0.25454948
884,0.25454948
885,0.20471547
886,0.20165647
887,0.20165647
888,0.12463921
889,0.12463921
890,0.12806326
891,0.12622626
892,0.12622626
893,0.11976651
894,0.10568651
895,0.11884756
896,0.17206646
897,0.17206646
898,0.30423208
899,0.30423208
900,0.33392738
901,0.33392738
902,0.33392738
903,0.28338943
904,0.28338943
905,0.13399461
906,0.13400561
907,0.13338761
908,0.11935461
909,0.11935461
910,0.12778241
911,0.12778241
912,0.12778241
913,0.16935072
914,0.16935072
915,0.15504796
916,0.15504796
917,0.15504796
918,0.10872186
919,0.10872186
920,0.13403452
921,0.13332852
922,0.13332852
923,0.11085661
924,0.11085661
925,0.17528116
926,0.17528116
927,0.17528116
928,0.22861522
929,0.22861522
930,0.17565611
931,0.17565611
932,0.17565611
933,0.17167626
934,0.17167626
935,0.18698621
936,0.18698621
937,0.18698621
938,0.17313291
939,0.17313291
940,0.17900506
941,0.17900506
942,0.17900506
943,0.22501952
944,0.22501952
945,0.20924052
946,0.20924052
947,0.20924052
948,0.2241093
949,0.22419704
950,0.21616711
951,0.21479911
952,0.21479911
953,0.19331537
954,0.20975347
955,0.25643026
956,0.25643026
957,0.25643026
958,0.29935322
959,0.25415922
960,0.26818857
961,0.26667057
962,0.26667057
963,0.35337128
964,0.35337128
965,0.41939939
966,0.41870539
967,0.40088539
968,0.32589847
969,0.32589847
970,0.18351991
971,0.18595791
972,0.18595791
973,0.22593772
974,0.22593772
975,0.19693716
976,0.19655186
977,0.19655186
978,0.17092271
979,0.17092271
980,0.17424191
981,0.17350191
982,0.17350191
983,0.17238936
984,0.17238936
985,0.18393316
986,0.18393316
987,0.18393316
988,0.20868177
989,0.20868177
990,0.19025272
991,0.19025272
992,0.19025272
993,0.17458426
994,0.17458426
995,0.17901381
996,0.17850681
997,0.24076681
998,0.23679942
999,0.23744026
1000,0.2309506
1001,0.2309506
1002,0.2125486
1003,0.231254
1004,0.2289136
1005,0.21642087
1006,0.21642087
1007,0.21813387
1008,0.17282316
1009,0.17282316
1010,0.2045248
1011,0.2045248
1012,0.2037678
1013,0.17328714
1014,0.17328714
1015,0.18092848
1016,0.18092848
1017,0.18092848
1018,0.2297859
1019,0.2297859
1020,0.20763299
1021,0.20763299
1022,0.20763299
1023,0.17421818
1024,0.17421818
1025,0.18168523
1026,0.18125923
1027,0.18125923
1028,0.18747679
1029,0.23587679
1030,0.21200584
1031,0.21200584
1032,0.21200584
1033,0.2443063
1034,0.2443063
1035,0.22049589
1036,0.22049589
1037,0.22131609
1038,0.17196873
1039,0.17196873
1040,0.17983028
1041,0.17900328
1042,0.17900328
1043,0.17589813
1044,0.17589813
1045,0.19649918
1046,0.19649918
1047,0.19649918
1048,0.23655065
1049,0.23655065
1050,0.21554399
1051,0.21554399
1052,0.21554399
1053,0.18206188
1054,0.18206188
1055,0.19011418
1056,0.18894918
1057,0.18894918
1058,0.18500928
1059,0.18500928
1060,0.19290104
1061,0.19290104
1062,0.19290104
1063,0.24628724
1064,0.31003724
1065,0.21620204
1066,0.21620204
1067,0.21639204
1068,0.19504204
1069,0.19095204
1070,0.18830003
1071,0.18785703
1072,0.18785703
1073,0.17566208
1074,0.17566208
1075,0.14593483
1076,0.14593483
1077,0.14593483
1078,0.18665614
1079,0.18660274
1080,0.18854904
1081,0.18854904
1082,0.18854904
1083,0.15915434
1084,0.15915434
1085,0.14221433
1086,0.14221433
1087,0.14221433
1088,0.14013893
1089,0.14013893
1090,0.14869183
1091,0.15174783
1092,0.14869183
1093,0.20505999
1094,0.20505999
1095,0.24075209
1096,0.24075209
1097,0.24075209
1098,0.20298013
1099,0.20298013
1100,0.22299335
1101,0.22266535
1102,0.22266535
1103,0.15297329
1104,0.15231029
1105,0.16789209
1106,0.16789209
1107,0.16398509
1108,0.2497287
1109,0.2497287
1110,0.23476584
1111,0.23476584
1112,0.23476584
1113,0.20639384
1114,0.20639384
1115,0.14823014
1116,0.14743014
1117,0.14743014
1118,0.14718624
1119,0.14718624
1120,0.17248204
1121,0.17248204
1122,0.21099204
1123,0.30545161
1124,0.30728161
1125,0.28201444
1126,0.28201444
1127,0.28201444
1128,0.24782534
1129,0.24782534
1130,0.2039486
1131,0.1999076
1132,0.1999076
1133,0.19557744
1134,0.19557744
1135,0.21289274
1136,0.21362274
1137,0.20303774
1138,0.2445487
1139,0.2445487
1140,0.19396204
1141,0.18168044
1142,0.18111204
1143,0.16264113
1144,0.13725113
1145,0.12770994
1146,0.15400894
1147,0.15400894
1148,0.14032494
1149,0.11367494
1150,0.16520349
1151,0.16520349
1152,0.16416349
1153,0.21409726
1154,0.21409726
1155,0.20609825
1156,0.20609825
1157,0.20609825
1158,0.15917224
1159,0.15917224
1160,0.1669632
1161,0.1662512
1162,0.1662512
1163,0.1756223
1164,0.1733823
1165,0.1310427
1166,0.1310427
1167,0.1310427
1168,0.25218726
1169,0.25218726
1170,0.21941755
1171,0.21941755
1172,0.21941755
1173,0.18005974
1174,0.18005974
1175,0.16120779
1176,0.16057479
1177,0.16057479
1178,0.15276409
1179,0.15276409
1180,0.21283345
1181,0.21283345
1182,0.21283345
1183,0.22833474
1184,0.22833474
1185,0.18423884
1186,0.17679284
1187,0.19498284
1188,0.19689374
1189,0.19689374
1190,0.19042554
1191,0.18925254
1192,0.21580254
1193,0.23878554
1194,0.25602554
1195,0.21182264
1196,0.22105064
1197,0.20478064
1198,0.23495079
1199,0.23495079
1200,0.19109876
1201,0.19105584
1202,0.22254584
1203,0.22684408
1204,0.21241408
1205,0.22737913
1206,0.22661213
1207,0.22578313
1208,0.20832233
1209,0.20832233
1210,0.22884498
1211,0.22884498
1212,0.22884498
1213,0.23662398
1214,0.25113398
1215,0.27557489
1216,0.27557489
1217,0.27557489
1218,0.23780204
1219,0.24305204
1220,0.18961813
1221,0.18961813
1222,0.21407413
1223,0.18401743
1224,0.18401743
1225,0.19569538
1226,0.19569538
1227,0.19569538
1228,0.24544589
1229,0.24544589
1230,0.20859108
1231,0.21274108
1232,0.21274108
1233,0.18401053
1234,0.18401053
1235,0.17044933
1236,0.16950933
1237,0.16950933
1238,0.14439533
1239,0.12887533
1240,0.13814968
1241,0.13814968
1242,0.13814968
1243,0.19923114
1244,0.19923114
1245,0.16474998
1246,0.16639998
1247,0.18501998
1248,0.12959562
1249,0.12959562
1250,0.15155824
1251,0.15109224
1252,0.15109224
1253,0.12675258
1254,0.12675258
1255,0.16989473
1256,0.14566473
1257,0.14566473
1258,0.19114674
1259,0.22471674
1260,0.22772813
1261,0.22772813
1262,0.22772813
1263,0.18214268
1264,0.18214268
1265,0.17591604
1266,0.17521204
1267,0.17521204
1268,0.18566138
1269,0.18566138
1270,0.18448378
1271,0.18448378
1272,0.14670378
1273,0.1983872
1274,0.1983872
1275,0.18085571
1276,0.18085571
1277,0.19788571
1278,0.13467853
1279,0.13467853
1280,0.13399394
1281,0.13356694
1282,0.13356694
1283,0.15313868
1284,0.15313868
1285,0.15149568
1286,0.15149568
1287,0.15149568
1288,0.18719285
1289,0.23791285
1290,0.21364714
1291,0.21364714
1292,0.22365714
1293,0.19674884
1294,0.19674884
1295,0.13220214
1296,0.12997514
1297,0.12953814
1298,0.12518424
1299,0.16717424
1300,0.15226628
1301,0.15226628
1302,0.15226628
1303,0.2595439
1304,0.2595439
1305,0.16064474
1306,0.16064474
1307,0.16512684
1308,0.12673634
1309,0.13682634
1310,0.12881473
1311,0.12845473
1312,0.1474659
1313,0.1572055
1314,0.1948055
1315,0.16874469
1316,0.16874469
1317,0.16874469
1318,0.25369951
1319,0.25369951
1320,0.24400274
1321,0.23966274
1322,0.223956
1323,0.171666
1324,0.171666
1325,0.1297919
1326,0.1261089
1327,0.1261089
1328,0.140165
1329,0.140165
1330,0.21967
1331,0.17902
1332,0.20874
1333,0.22424
1334,0.307014
1335,0.1853796
1336,0.1825376
1337,0.1828976
1338,0.1636823
1339,0.1636823
1340,0.167288
1341,0.1669161
1342,0.2702261
1343,0.27653777
1344,0.27653777
1345,0.18433354
1346,0.18421624
1347,0.09656624
1348,0.17174979
1349,0.17313879
1350,0.13429854
1351,0.13429854
1352,0.13292354
1353,0.09511538
1354,0.09511538
1355,0.09306188
1356,0.09306188
1357,0.09306188
1358,0.08692998
1359,0.08692998
1360,0.20843084
1361,0.20843084
1362,0.20843084
1363,0.2611365
1364,0.2663165
1365,0.18519074
1366,0.18331214
1367,0.18331214
1368,0.12087354
1369,0.12087354
1370,0.12259279
1371,0.12157779
1372,0.12157779
1373,0.09362094
1374,0.12707094
1375,0.19790154
1376,0.15151154
1377,0.11172054
1378,0.22766035
1379,0.24022035
1380,0.19394459
1381,0.19394459
1382,0.19394459
1383,0.15010669
1384,0.15010669
1385,0.17480374
1386,0.17148274
1387,0.17148274
1388,0.18183564
1389,0.18183564
1390,0.21478269
1391,0.21478269
1392,0.21478269
1393,0.19974649
1394,0.19974649
1395,0.13175203
1396,0.12157203
1397,0.12157203
1398,0.17106084
1399,0.17106084
1400,0.22999274
1401,0.16888874
1402,0.16888874
1403,0.13800988
1404,0.13800988
1405,0.16011173
1406,0.16011173
1407,0.16011173
1408,0.18918374
1409,0.18918374
1410,0.21320369
1411,0.21320369
1412,0.25202369
1413,0.17586249
1414,0.17514549
1415,0.1784696
1416,0.1780026
1417,0.1780026
1418,0.11105708
1419,0.11105708
1420,0.14445974
1421,0.14445974
1422,0.14445974
1423,0.2135526
1424,0.2135526
1425,0.21312546
1426,0.21265626
1427,0.21265626
1428,0.13784664
1429,0.13784664
1430,0.11206474
1431,0.11123474
1432,0.12869474
1433,0.10280584
1434,0.09281084
1435,0.18257179
1436,0.19064379
1437,0.18257179
1438,0.18451175
1439,0.18451175
1440,0.16989414
1441,0.16989414
1442,0.16989414
1443,0.13241723
1444,0.13241723
1445,0.13915579
1446,0.17086479
1447,0.17067779
1448,0.17774669
1449,0.17774669
1450,0.18482936
1451,0.18482936
1452,0.18482936
1453,0.25976746
1454,0.25976746
1455,0.2165046
1456,0.2165046
1457,0.2165046
1458,0.13826069
1459,0.13826069
1460,0.15462369
1461,0.15386869
1462,0.15386869
1463,0.15854679
1464,0.15854679
1465,0.14869989
1466,0.14869989
1467,0.14869989
1468,0.18256751
1469,0.18256751
1470,0.15548665
1471,0.15548665
1472,0.15548665
1473,0.11915899
1474,0.11915899
1475,0.08951604
1476,0.08892304
1477,0.08892304
1478,0.09302899
1479,0.09302899
1480,0.08475143
1481,0.08475143
1482,0.08858943
1483,0.18775084
1484,0.18775084
1485,0.16486699
1486,0.17569699
1487,0.13403699
1488,0.09759923
1489,0.09759923
1490,0.12159318
1491,0.12097718
1492,0.12097718
1493,0.10914228
1494,0.10914228
1495,0.09624938
1496,0.09624938
1497,0.09624938
1498,0.1572337
1499,0.1572337
1500,0.11721299
1501,0.11721299
1502,0.11721299
1503,0.07944233
1504,0.07944233
1505,0.07341752
1506,0.07287252
1507,0.07287252
1508,0.06196452
1509,0.06196452
1510,0.11293123
1511,0.10192123
1512,0.14440123
1513,0.19569559
1514,0.19569559
1515,0.12453584
1516,0.12453584
1517,0.12453584
1518,0.11752608
1519,0.11752608
1520,0.11582943
1521,0.06226743
1522,0.06226743
1523,0.06108067
1524,0.06108067
1525,0.07061368
1526,0.07061368
1527,0.07061368
1528,0.12373274
1529,0.12373274
1530,0.2281675
1531,0.2281675
1532,0.2281675
1533,0.22830649
1534,0.22830649
1535,0.07870953
1536,0.07870953
1537,0.07810853
1538,0.05858372
1539,0.05858372
1540,0.06996838
1541,0.06996838
1542,0.06996838
1543,0.13791984
1544,0.13791984
1545,0.1036146
1546,0.1394246
1547,0.1394246
1548,0.12371699
1549,0.12371699
1550,0.24503854
1551,0.24489354
1552,0.24489354
1553,0.20420604
1554,0.12705614
1555,0.06766272
1556,0.06766272
1557,0.06766272
1558,0.12665274
1559,0.12665274
1560,0.10083704
1561,0.10083704
1562,0.10083704
1563,0.05738988
1564,0.05738988
1565,0.06376772
1566,0.06100672
1567,0.06100672
1568,0.05788162
1569,0.05788162
1570,0.06987552
1571,0.06987552
1572,0.06987552
1573,0.12539894
1574,0.12539894
1575,0.09888409
1576,0.09888409
1577,0.09888409
1578,0.05498362
1579,0.05498362
1580,0.07955233
1581,0.07905033
1582,0.07905033
1583,0.14917349
1584,0.14917349
1585,0.16013135
1586,0.16013135
1587,0.16013135
1588,0.19367706
1589,0.19367706
1590,0.10476561
1591,0.10476561
1592,0.10476561
1593,0.06594909
1594,0.06594909
1595,0.05968834
1596,0.05928034
1597,0.05928034
1598,0.05362263
1599,0.05362263
1600,0.05936453
1601,0.05936453
1602,0.05936453
1603,0.11626084
1604,0.11626084
1605,0.1253285
1606,0.1253285
1607,0.1253285
1608,0.05333468
1609,0.05333468
1610,0.05425083
1611,0.05399083
1612,0.09498583
1613,0.05848748
1614,0.05848748
1615,0.06103152
1616,0.06103152
1617,0.06103152
1618,0.12840279
1619,0.12840279
1620,0.11578655
1621,0.11578655
1622,0.11578655
1623,0.06060323
1624,0.06060323
1625,0.05751052
1626,0.05705652
1627,0.05705652
1628,0.05054157
1629,0.05054157
1630,0.06176252
1631,0.06176252
1632,0.06176252
1633,0.11711684
1634,0.11711684
1635,0.09896364
1636,0.09896364
1637,0.09896364
1638,0.05678652
1639,0.05678652
1640,0.06290572
1641,0.06290572
1642,0.06290572
1643,0.11274538
1644,0.11274538
1645,0.10198623
1646,0.10198623
1647,0.10198623
1648,0.1771075
1649,0.1771075
1650,0.15999326
1651,0.15999326
1652,0.15999326
1653,0.0926139
1654,0.0926139
1655,0.05598663
1656,0.05583763
1657,0.05558263
1658,0.05254668
1659,0.05254668
1660,0.06377082
1661,0.06377082
1662,0.06377082
1663,0.12127179
1664,0.15264179
1665,0.14613464
1666,0.14613464
1667,0.14967464
1668,0.09991779
1669,0.09991779
1670,0.11285754
1671,0.11211254
1672,0.11211254
1673,0.09892704
1674,0.09892704
1675,0.10666174
1676,0.10666174
1677,0.10666174
1678,0.16380325
1679,0.16380325
1680,0.1474675
1681,0.1474675
1682,0.1474675
1683,0.08546014
1684,0.08546014
1685,0.19814115
1686,0.19720915
1687,0.19720915
1688,0.18749415
1689,0.18885615
1690,0.10980751
1691,0.10980751
1692,0.10980751
1693,0.18871707
1694,0.18871707
1695,0.23434231
1696,0.23434231
1697,0.13052231
1698,0.09785304
1699,0.09785304
1700,0.06716538
1701,0.06716538
1702,0.06135638
1703,0.06129377
1704,0.06129377
1705,0.07706768
1706,0.07706768
1707,0.07706768
1708,0.13404129
1709,0.13333369
1710,0.10307933
1711,0.10307933
1712,0.10307933
1713,0.05384778
1714,0.05384778
1715,0.06004562
1716,0.05943162
1717,0.05943162
1718,0.05746633
1719,0.05746633
1720,0.10580844
1721,0.10723344
1722,0.14036944
1723,0.21488411
1724,0.21488411
1725,0.18573935
1726,0.18573935
1727,0.18573935
1728,0.14096115
1729,0.14073225
1730,0.1397943
1731,0.1403243
1732,0.1398783
1733,0.13135544
1734,0.13135544
1735,0.12264769
1736,0.12264769
1737,0.17922769
1738,0.15580369
1739,0.15580369
1740,0.14407184
1741,0.13483984
1742,0.13739984
1743,0.08497623
1744,0.08497623
1745,0.11029094
1746,0.11008694
1747,0.11008694
1748,0.09639308
1749,0.09639308
1750,0.14779988
1751,0.14779988
1752,0.14779988
1753,0.1976374
1754,0.2028294
1755,0.18174364
1756,0.18174364
1757,0.18174364
1758,0.12511578
1759,0.12511578
1760,0.14234378
1761,0.13532578
1762,0.13410578
1763,0.15964378
1764,0.14847378
1765,0.16376268
1766,0.16401268
1767,0.16053268
1768,0.21311364
1769,0.21311364
1770,0.18788559
1771,0.18788559
1772,0.18788559
1773,0.14591159
1774,0.14591159
1775,0.15059259
1776,0.15059259
1777,0.14992859
1778,0.14053078
1779,0.14053078
1780,0.15180174
1781,0.15180174
1782,0.15141174
1783,0.22762511
1784,0.21980511
1785,0.18953464
1786,0.21087464
1787,0.21087464
1788,0.14490974
1789,0.14490974
1790,0.14757578
1791,0.14492978
1792,0.13829978
1793,0.13482793
1794,0.13482793
1795,0.15595893
1796,0.12918893
1797,0.12918893
1798,0.19329325
1799,0.19329325
1800,0.16159779
1801,0.16159779
1802,0.16159779
1803,0.09709213
1804,0.09709213
1805,0.09970888
1806,0.09735188
1807,0.09651188
1808,0.14107069
1809,0.14107069
1810,0.13335179
1811,0.13335179
1812,0.13335179
1813,0.23882131
1814,0.23882131
1815,0.16383365
1816,0.16383365
1817,0.16383365
1818,0.11658869
1819,0.10660309
1820,0.10842913
1821,0.10780613
1822,0.11113613
1823,0.11264378
1824,0.14664378
1825,0.16791554
1826,0.16791554
1827,0.16473554
1828,0.2204142
1829,0.2204142
1830,0.19083744
1831,0.19083744
1832,0.19083744
1833,0.14475764
1834,0.14475764
1835,0.1509134
1836,0.1504724
1837,0.1504724
1838,0.11487878
1839,0.11487878
1840,0.12395364
1841,0.12395364
1842,0.12395364
1843,0.20295421
1844,0.20295421
1845,0.16831744
1846,0.16831744
1847,0.16831744
1848,0.10681859
1849,0.10681859
1850,0.09384884
1851,0.09337184
1852,0.09337184
1853,0.11244089
1854,0.11244089
1855,0.12103969
1856,0.12103969
1857,0.12103969
1858,0.20924131
1859,0.20924131
1860,0.15667144
1861,0.15667144
1862,0.15695944
1863,0.12554864
1864,0.13418064
1865,0.15485864
1866,0.15427164
1867,0.15427164
1868,0.15316474
1869,0.15316474
1870,0.16785988
1871,0.16351988
1872,0.16351988
1873,0.2262746
1874,0.2262746
1875,0.19216464
1876,0.19746464
1877,0.20533464
1878,0.15061294
1879,0.15061294
1880,0.15383074
1881,0.15304574
1882,0.14066574
1883,0.15057978
1884,0.16083978
1885,0.16754084
1886,0.16754084
1887,0.16754084
1888,0.23100554
1889,0.23100554
1890,0.19846464
1891,0.19846464
1892,0.19846464
1893,0.14957888
1894,0.14957888
1895,0.15452388
1896,0.15390688
1897,0.15390688
1898,0.14104088
1899,0.14104088
1900,0.16014894
1901,0.16014894
1902,0.16014894
1903,0.2210927
1904,0.2210927
1905,0.18734179
1906,0.18734179
1907,0.18734179
1908,0.15902474
1909,0.15902474
1910,0.17068554
1911,0.17024154
1912,0.17024154
1913,0.14677594
1914,0.14677594
1915,0.15947488
1916,0.15947488
1917,0.15947488
1918,0.21200464
1919,0.21200464
1920,0.19211364
1921,0.19605364
1922,0.19605364
1923,0.16101949
1924,0.16101949
1925,0.15287788
1926,0.15287788
1927,0.15196688
1928,0.14432903
1929,0.14432903
1930,0.15266794
1931,0.15266794
1932,0.15266794
1933,0.21356555
1934,0.21356555
1935,0.18455269
1936,0.18455269
1937,0.18455269
1938,0.14617903
1939,0.14617903
1940,0.13428293
1941,0.13365493
1942,0.13365493
1943,0.13274088
1944,0.13274088
1945,0.15491888
1946,0.15491888
1947,0.15491888
1948,0.22462559
1949,0.22462559
1950,0.18781084
1951,0.18351084
1952,0.17850084
1953,0.14372378
1954,0.17021378
1955,0.17358858
1956,0.17714458
1957,0.17714458
1958,0.18207754
1959,0.18207754
1960,0.18859364
1961,0.18859364
1962,0.18859364
1963,0.2520204
1964,0.2520204
1965,0.22062844
1966,0.22062844
1967,0.23544844
1968,0.17649944
1969,0.17649944
1970,0.18198254
1971,0.18116754
1972,0.18116754
1973,0.17865069
1974,0.17922069
1975,0.20719274
1976,0.20719274
1977,0.20719274
1978,0.24775555
1979,0.24775555
1980,0.19322164
1981,0.19203164
1982,0.19203164
1983,0.16030774
1984,0.16030774
1985,0.15301794
1986,0.15271894
1987,0.15271894
1988,0.14862584
1989,0.14862584
1990,0.15947774
1991,0.15947774
1992,0.15947774
1993,0.2241056
1994,0.2241056
1995,0.19386069
1996,0.18627149
1997,0.18542269
1998,0.18776588
1999,0.18776588
2000,0.19021178
2001,0.18895678
2002,0.18895678
2003,0.18449278
2004,0.18449278
2005,0.20078559
2006,0.20078559
2007,0.20078559
2008,0.2586775
2009,0.2586775
2010,0.24348554
2011,0.24348554
2012,0.24348554
2013,0.19340778
2014,0.18893978
2015,0.19097358
2016,0.19048358
2017,0.19048358
2018,0.18370668
2019,0.18370668
2020,0.19137178
2021,0.19137178
2022,0.18313178
2023,0.2609075
2024,0.2605375
2025,0.23048654
2026,0.23048654
2027,0.23048654
2028,0.18719664
2029,0.18719664
2030,0.19314759
2031,0.19254659
2032,0.19254659
2033,0.18936849
2034,0.18936849
2035,0.20173459
2036,0.20173459
2037,0.20173459
2038,0.26567897
2039,0.25119897
2040,0.24163659
2041,0.23595659
2042,0.23595659
2043,0.14806474
2044,0.14806474
2045,0.14580778
2046,0.14647878
2047,0.14565878
2048,0.16101749
2049,0.16101749
2050,0.11861298
2051,0.11861298
2052,0.11861298
2053,0.20227774
2054,0.20227774
2055,0.23614064
2056,0.23521364
2057,0.23521364
2058,0.16032349
2059,0.16032349
2060,0.20128049
2061,0.19984549
2062,0.19939949
2063,0.17842063
2064,0.17842063
2065,0.18895268
2066,0.15577268
2067,0.15577268
2068,0.18659254
2069,0.18659254
2070,0.1945794
2071,0.1945794
2072,0.1945794
2073,0.14971388
2074,0.14971388
2075,0.15341098
2076,0.15317998
2077,0.15317998
2078,0.15261008
2079,0.15261008
2080,0.15593703
2081,0.16756703
2082,0.17653813
2083,0.23643654
2084,0.23643654
2085,0.20917988
2086,0.20917988
2087,0.20917988
2088,0.15683588
2089,0.15683588
2090,0.14847998
2091,0.14787898
2092,0.14787898
2093,0.14160902
2094,0.14160902
2095,0.16249982
2096,0.16249982
2097,0.40830982
2098,0.41626223
2099,0.41626223
2100,0.46545318
2101,0.46545318
2102,0.38659318
2103,0.32301638
2104,0.32301638
2105,0.15938588
2106,0.15885288
2107,0.15885288
2108,0.15053703
2109,0.15053703
2110,0.16052503
2111,0.17895503
2112,0.17895503
2113,0.23730744
2114,0.23730744
2115,0.20777984
2116,0.20777984
2117,0.20777984
2118,0.16747193
2119,0.16747193
2120,0.15540198
2121,0.15540198
2122,0.15460598
2123,0.15291893
2124,0.28791893
2125,0.31618274
2126,0.31618274
2127,0.31618274
2128,0.37524504
2129,0.37524504
2130,0.2697046
2131,0.2697046
2132,0.2697046
2133,0.15198683
2134,0.15198683
2135,0.15467893
2136,0.15467893
2137,0.15412793
2138,0.14999578
2139,0.14999578
2140,0.16187688
2141,0.16187688
2142,0.16187688
2143,0.21113574
2144,0.21113574
2145,0.19798668
2146,0.19815168
2147,0.19798668
2148,0.14782383
2149,0.14725583
2150,0.26961468
2151,0.26881568
2152,0.29029568
2153,0.29965678
2154,0.29965678
2155,0.27330354
2156,0.27330354
2157,0.27330354
2158,0.23688068
2159,0.21257068
2160,0.19866574
2161,0.19866574
2162,0.19866574
2163,0.14747488
2164,0.14747488
2165,0.15512803
2166,0.15383293
2167,0.15345583
2168,0.14061808
2169,0.14061808
2170,0.14327013
2171,0.14327013
2172,0.14327013
2173,0.21549178
2174,0.21635578
2175,0.21265948
2176,0.21265948
2177,0.21175638
2178,0.14201053
2179,0.14201053
2180,0.14448918
2181,0.14448918
2182,0.14392518
2183,0.14013962
2184,0.14013962
2185,0.14705798
2186,0.14691018
2187,0.10000678
2188,0.16785269
2189,0.16785269
2190,0.14879078
2191,0.14879078
2192,0.14879078
2193,0.08771218
2194,0.08771218
2195,0.09157718
2196,0.09157718
2197,0.09108718
2198,0.08780528
2199,0.08780528
2200,0.10311228
2201,0.10311228
2202,0.10311228
2203,0.16563179
2204,0.16563179
2205,0.14526698
2206,0.14526698
2207,0.14526698
2208,0.09284313
2209,0.09284313
2210,0.11933374
2211,0.11873274
2212,0.11873274
2213,0.08850413
2214,0.08850413
2215,0.10264513
2216,0.09741513
2217,0.11306513
2218,0.16209464
2219,0.17006464
2220,0.14561079
2221,0.14235079
2222,0.14235079
2223,0.10639304
2224,0.10639304
2225,0.13450674
2226,0.13361974
2227,0.13361974
2228,0.11407203
2229,0.11407203
2230,0.12585548
2231,0.12585548
2232,0.12585548
2233,0.20579325
2234,0.22184325
2235,0.2080842
2236,0.2080842
2237,0.2080842
2238,0.1577183
2239,0.1577183
2240,0.13524634
2241,0.13444834
2242,0.13444834
2243,0.13981174
2244,0.13981174
2245,0.14270714
2246,0.14270714
2247,0.14270714
2248,0.20554244
2249,0.20554244
2250,0.18792599
2251,0.18792599
2252,0.18807099
2253,0.14994904
2254,0.14994904
2255,0.15291724
2256,0.15242424
2257,0.15328054
2258,0.13296388
2259,0.13296388
2260,0.14528183
2261,0.14528183
2262,0.14528183
2263,0.20783249
2264,0.20783249
2265,0.18951354
2266,0.18951354
2267,0.18951354
2268,0.13290689
2269,0.13290689
2270,0.14487138
2271,0.14583638
2272,0.14508638
2273,0.12700868
2274,0.12700868
2275,0.13844258
2276,0.13844258
2277,0.13844258
2278,0.19582589
2279,0.19582589
2280,0.18697019
2281,0.18697019
2282,0.18697019
2283,0.14483929
2284,0.14483929
2285,0.13504268
2286,0.13504268
2287,0.13440868
2288,0.12913003
2289,0.12913003
2290,0.14638393
2291,0.14638393
2292,0.14638393
2293,0.19707819
2294,0.19707819
2295,0.18652159
2296,0.18652159
2297,0.18652159
2298,0.21137864
2299,0.21137864
2300,0.14888994
2301,0.14888994
2302,0.14807794
2303,0.13184804
2304,0.13184804
2305,0.20320819
2306,0.15645819
2307,0.15645819
2308,0.1876068
2309,0.1876068
2310,0.17278109
2311,0.17278109
2312,0.17278109
2313,0.12047138
2314,0.12047138
2315,0.12439453
2316,0.12439453
2317,0.12392953
2318,0.11135528
2319,0.08434528
2320,0.10362538
2321,0.10362538
2322,0.10362538
2323,0.15835914
2324,0.15835914
2325,0.14126259
2326,0.14126259
2327,0.14126259
2328,0.08172913
2329,0.08093913
2330,0.09677928
2331,0.08843528
2332,0.08843528
2333,0.08208638
2334,0.08208638
2335,0.09775014
2336,0.09775014
2337,0.09775014
2338,0.15964734
2339,0.15964734
2340,0.11688354
2341,0.11688354
2342,0.11688354
2343,0.08443853
2344,0.08443853
2345,0.08629648
2346,0.08538448
2347,0.08538448
2348,0.08013358
2349,0.08013358
2350,0.10861954
2351,0.11137754
2352,0.11137754
2353,0.16590694
2354,0.20441694
2355,0.15678939
2356,0.15678939
2357,0.15678939
2358,0.09409693
2359,0.10434693
2360,0.09446753
2361,0.09132253
2362,0.09132253
2363,0.10439689
2364,0.10306309
2365,0.11398984
2366,0.11398984
2367,0.11398984
2368,0.15331604
2369,0.14979504
2370,0.13997729
2371,0.13997729
2372,0.13997729
2373,0.09398128
2374,0.09398128
2375,0.09220618
2376,0.09220618
2377,0.09148518
2378,0.08528663
2379,0.08528663
2380,0.09098433
2381,0.09098433
2382,0.09098433
2383,0.14780459
2384,0.14925759
2385,0.2034088
2386,0.2034088
2387,0.2034088
2388,0.11060234
2389,0.11060234
2390,0.08361229
2391,0.08361229
2392,0.08310429
2393,0.15466885
2394,0.15466885
2395,0.11157313
2396,0.12283313
2397,0.10975913
2398,0.16646869
2399,0.16646869
2400,0.16603588
2401,0.16603588
2402,0.16603588
2403,0.09172573
2404,0.09172573
2405,0.09534588
2406,0.09834388
2407,0.09769488
2408,0.08732958
2409,0.08695098
2410,0.10491298
2411,0.10491298
2412,0.14882298
2413,0.20190309
2414,0.20127649
2415,0.16284729
2416,0.16224459
2417,0.15159959
2418,0.09434588
2419,0.09434588
2420,0.08139273
2421,0.08139273
2422,0.08322473
2423,0.08489345
2424,0.08479713
2425,0.10316698
2426,0.13066698
2427,0.13066698
2428,0.16456364
2429,0.16456364
2430,0.13526269
2431,0.13526269
2432,0.13373269
2433,0.07961723
2434,0.07961723
2435,0.11327868
2436,0.14667568
2437,0.14697568
2438,0.19349964
2439,0.19328964
2440,0.17663554
2441,0.17663554
2442,0.17663554
2443,0.1820493
2444,0.1820493
2445,0.2110184
2446,0.2110184
2447,0.1906984
2448,0.13349574
2449,0.13349574
2450,0.11146588
2451,0.11146588
2452,0.10785088
2453,0.11170888
2454,0.11170888
2455,0.12303078
2456,0.12303078
2457,0.12315078
2458,0.17213854
2459,0.17213854
2460,0.14909159
2461,0.14909159
2462,0.15140159
2463,0.11312994
2464,0.11312994
2465,0.09552903
2466,0.09531703
2467,0.09531703
2468,0.10453688
2469,0.10658388
2470,0.11732688
2471,0.11732688
2472,0.11732688
2473,0.19786744
2474,0.19786744
2475,0.16734065
2476,0.16734065
2477,0.16734065
2478,0.11175574
2479,0.11175574
2480,0.11482884
2481,0.11482884
2482,0.11413884
2483,0.10275794
2484,0.10275794
2485,0.13158104
2486,0.12545504
2487,0.12545504
2488,0.17544015
2489,0.17544015
2490,0.16037081
2491,0.16037081
2492,0.16037081
2493,0.1069565
2494,0.1069565
2495,0.1094897
2496,0.1085717
2497,0.1085717
2498,0.12356044
2499,0.12356044
2500,0.13301399
2501,0.13973199
2502,0.14096199
2503,0.21316391
2504,0.21316391
2505,0.18476475
2506,0.18476475
2507,0.18476475
2508,0.12768919
2509,0.12768919
2510,0.12326824
2511,0.12356924
2512,0.12356924
2513,0.12190649
2514,0.12190649
2515,0.15878074
2516,0.15878074
2517,0.15878074
2518,0.20525695
2519,0.20525695
2520,0.16166645
2521,0.16166645
2522,0.16166645
2523,0.11958896
2524,0.11958896
2525,0.14344106
2526,0.14124106
2527,0.18348106
2528,0.16197926
2529,0.16197926
2530,0.19353271
2531,0.19353271
2532,0.19353271
2533,0.24636872
2534,0.24636872
2535,0.23939777
2536,0.24995777
2537,0.23851777
2538,0.18101891
2539,0.18101891
2540,0.17736867
2541,0.17736867
2542,0.17724167
2543,0.18038757
2544,0.18038757
2545,0.19958567
2546,0.19958567
2547,0.19958567
2548,0.25958757
2549,0.25715757
2550,0.23941677
2551,0.23941677
2552,0.23941677
2553,0.17869567
2554,0.17952567
2555,0.18416521
2556,0.18568521
2557,0.18479221
2558,0.19308911
2559,0.19308911
2560,0.18225705
2561,0.18225705
2562,0.18225705
2563,0.23111056
2564,0.23111056
2565,0.22256251
2566,0.22979151
2567,0.22979151
2568,0.17783295
2569,0.17783295
2570,0.23624946
2571,0.23624946
2572,0.23537546
2573,0.24031521
2574,0.24031521
2575,0.2066849
2576,0.1961749
2577,0.1961749
2578,0.33405321
2579,0.32895321
2580,0.27240516
2581,0.27240516
2582,0.27240516
2583,0.16999291
2584,0.16999291
2585,0.18197885
2586,0.18112385
2587,0.18112385
2588,0.1711942
2589,0.1711942
2590,0.19610855
2591,0.19610855
2592,0.19610855
2593,0.27689496
2594,0.27689496
2595,0.29858721
2596,0.29858721
2597,0.29858721
2598,0.1973736
2599,0.1973736
2600,0.19023895
2601,0.19023895
2602,0.18963595
2603,0.1423102
2604,0.1423102
2605,0.15603179
2606,0.15535369
2607,0.15535369
2608,0.21257731
2609,0.21257731
2610,0.17087259
2611,0.17087259
2612,0.17087259
2613,0.12283893
2614,0.12136893
2615,0.13408183
2616,0.13408183
2617,0.13326283
2618,0.12703188
2619,0.12886888
2620,0.14179184
2621,0.14179184
2622,0.14051184
2623,0.2230426
2624,0.2230426
2625,0.18996145
2626,0.18996145
2627,0.19082925
2628,0.12903194
2629,0.12903194
2630,0.14657774
2631,0.14615374
2632,0.14615374
2633,0.13839788
2634,0.14489788
2635,0.15936288
2636,0.18017288
2637,0.15936288
2638,0.24286431
2639,0.24286431
2640,0.16354155
2641,0.16354155
2642,0.14957955
2643,0.1391535
2644,0.1371625
2645,0.09852548
2646,0.09801528
2647,0.09801528
2648,0.10407088
2649,0.11989788
2650,0.12088344
2651,0.11987644
2652,0.11987644
2653,0.1840922
2654,0.2018504
2655,0.16629054
2656,0.16465754
2657,0.16465754
2658,0.09814514
2659,0.09233914
2660,0.09492273
2661,0.09492273
2662,0.09432573
2663,0.12191589
2664,0.14739589
2665,0.12908664
2666,0.12523764
2667,0.12523764
2668,0.18809595
2669,0.18809595
2670,0.16439414
2671,0.16439414
2672,0.16439414
2673,0.11366518
2674,0.11366518
2675,0.11167403
2676,0.13093703
2677,0.13093703
2678,0.10202813
2679,0.10202813
2680,0.13148804
2681,0.13148804
2682,0.11595804
2683,0.18290054
2684,0.18180754
2685,0.1866016
2686,0.1866016
2687,0.2217616
2688,0.17495554
2689,0.17495554
2690,0.19545944
2691,0.17461944
2692,0.14969044
2693,0.15058949
2694,0.15058949
2695,0.12853554
2696,0.12853554
2697,0.12853554
2698,0.09334178
2699,0.09334178
2700,0.08738328
2701,0.08738328
2702,0.08738328
2703,0.09078123
2704,0.09078123
2705,0.1247124
2706,0.1247124
2707,0.1247124
2708,0.10320823
2709,0.10320823
2710,0.09835523
2711,0.09835523
2712,0.09835523
2713,0.09922523
2714,0.09922523
2715,0.10120918
2716,0.09806618
2717,0.09806618
2718,0.10133313
2719,0.12599313
2720,0.10120208
2721,0.10120208
2722,0.10120208
2723,0.25942028
2724,0.25942028
2725,0.26531622
2726,0.26531622
2727,0.26531622
2728,0.28151532
2729,0.28151532
2730,0.28419652
2731,0.28419652
2732,0.28419652
2733,0.27871952
2734,0.27871952
2735,0.27854032
2736,0.27854032
2737,0.27854032
2738,0.26123032
2739,0.26123032
2740,0.27213308
2741,0.27213308
2742,0.27213308
2743,0.18760913
2744,0.08011703
2745,0.14184378
2746,0.14184378
2747,0.10748378
2748,0.07464158
2749,0.07413038
2750,0.08641613
2751,0.08641613
2752,0.08641613
2753,0.20604604
2754,0.25841604
2755,0.19356004
2756,0.18802244
2757,0.19838004
2758,0.19220934
2759,0.19333934
2760,0.19707674
2761,0.19707674
2762,0.20927674
2763,0.18978679
2764,0.18978679
2765,0.14881418
2766,0.14881418
2767,0.14881418
2768,0.16044004
2769,0.13377004
2770,0.16931374
2771,0.16931374
2772,0.16931374
2773,0.13601529
2774,0.13601529
2775,0.10034093
2776,0.10112203
2777,0.10034093
2778,0.10122513
2779,0.10059913
2780,0.09182828
2781,0.09182828
2782,0.09182828
2783,0.12004068
2784,0.12004068
2785,0.19625194
2786,0.19625194
2787,0.19625194
2788,0.1449899
2789,0.2365399
2790,0.19504039
2791,0.20647039
2792,0.20591739
2793,0.10208764
2794,0.10155364
2795,0.18815409
2796,0.18815409
2797,0.18815409
2798,0.19885579
2799,0.23059579
2800,0.19316224
2801,0.19967824
2802,0.19078184
2803,0.16376264
2804,0.16376264
2805,0.10722948
2806,0.10403648
2807,0.10352448
2808,0.10536093
2809,0.10492993
2810,0.09796378
2811,0.10143478
2812,0.09796378
2813,0.12456198
2814,0.12456198
2815,0.17895979
2816,0.17599579
2817,0.17599579
2818,0.13074004
2819,0.13074004
2820,0.14608328
2821,0.14608328
2822,0.09847328
2823,0.09430898
2824,0.09430898
2825,0.09251798
2826,0.09251798
2827,0.09251798
2828,0.11749978
2829,0.11749978
2830,0.18604371
2831,0.18604371
2832,0.18604371
2833,0.1624093
2834,0.1624093
2835,0.15516494
2836,0.09712494
2837,0.09673894
2838,0.09249304
2839,0.09192604
2840,0.09314498
2841,0.09314498
2842,0.09314498
2843,0.11697628
2844,0.11697628
2845,0.15714938
2846,0.15714938
2847,0.15714938
2848,0.19466518
2849,0.15529518
2850,0.09551393
2851,0.09551393
2852,0.09535793
2853,0.14961519
2854,0.14103729
2855,0.26272065
2856,0.26272065
2857,0.30728065
2858,0.37905791
2859,0.37905791
2860,0.2933937
2861,0.3633437
2862,0.2481437
2863,0.2128956
2864,0.2128956
2865,0.12631104
2866,0.16556104
2867,0.12604804
2868,0.16246044
2869,0.16204444
2870,0.3210804
2871,0.3210804
2872,0.3169644
2873,0.36409754
2874,0.36409754
2875,0.39453785
2876,0.39453785
2877,0.39453785
2878,0.36940851
2879,0.36940851
2880,0.35545735
2881,0.35545735
2882,0.35813735
2883,0.3515445
2884,0.3506985
2885,0.34412165
2886,0.34412165
2887,0.34412165
2888,0.36216861
2889,0.36216861
2890,0.38966251
2891,0.38966251
2892,0.38966251
2893,0.37981546
2894,0.37981546
2895,0.35840731
2896,0.35840731
2897,0.35794531
2898,0.35884125
2899,0.35816025
2900,0.35815621
2901,0.35815621
2902,0.35815621
2903,0.37384826
2904,0.37384826
2905,0.39014176
2906,0.39014176
2907,0.39014176
2908,0.37279136
2909,0.37279136
2910,0.36289221
2911,0.36289221
2912,0.35542021
2913,0.35571321
2914,0.35571321
2915,0.35595097
2916,0.35595097
2917,0.35595097
2918,0.37344132
2919,0.37344132
2920,0.39352947
2921,0.39352947
2922,0.39352947
2923,0.36746217
2924,0.36746217
2925,0.35752317
2926,0.35689017
2927,0.35689017
2928,0.35531006
2929,0.35449106
2930,0.36610901
2931,0.36610901
2932,0.36610901
2933,0.37222317
2934,0.37222317
2935,0.39468651
2936,0.39468651
2937,0.39468651
2938,0.39163841
2939,0.37710841
2940,0.36067731
2941,0.36067731
2942,0.36008231
2943,0.35890016
2944,0.35829716
2945,0.36727536
2946,0.36727536
2947,0.35753536
2948,0.37682126
2949,0.37682126
2950,0.39424466
2951,0.39424466
2952,0.39424466
2953,0.37423036
2954,0.36985036
2955,0.34419405
2956,0.34419405
2957,0.35207105
2958,0.34503371
2959,0.34503371
2960,0.34539811
2961,0.34539811
2962,0.34191811
2963,0.37955513
2964,0.37955513
2965,0.38360841
2966,0.38360841
2967,0.38360841
2968,0.37442702
2969,0.37442702
2970,0.37532607
2971,0.37309607
2972,0.34228207
2973,0.35556421
2974,0.35556421
2975,0.35736211
2976,0.35470711
2977,0.35470711
2978,0.36624321
2979,0.36624321
2980,0.38973847
2981,0.38973847
2982,0.38821847
2983,0.36283037
2984,0.36283037
2985,0.34998426
2986,0.34904626
2987,0.34904626
2988,0.35460001
2989,0.35393801
2990,0.35515121
2991,0.35515121
2992,0.35515121
2993,0.36786326
2994,0.36786326
2995,0.38356941
2996,0.38356941
2997,0.38356941
2998,0.36902511
2999,0.36902511
